{
    "ENABLE_UDP" : false,
    "LOG_LEVEL" : "DEBUG",
    "CONFIG_OBJ" : {
      "appenders" : [
        { 
          "category" : "udp_norm", 
          "host": "10.24.248.90",
          "port": 5004,
          "type": "logstashUDP"
        },{ 
          "category" : "udp_high", 
          "host": "10.150.162.11",
          "port": 5004,
          "type": "logstashUDP"
        }],
      "replaceConsole" : true 
    },
    "CONSOLE_CONF" : {
      "appenders": { "console": { "type": "console" } },
      "categories": { "default": { "appenders": ["console"], "level": "error" } }
    }
}
