{"returncode":0,"message":"成功","result":{"factoryitems":[{"id":33,"name":"奇瑞汽车","firstletter":"Q","seriesitems":[{"id":613,"name":"威麟X5","firstletter":"W","seriesstate":40,"seriesorder":3035},{"id":909,"name":"威麟V5","firstletter":"W","seriesstate":40,"seriesorder":3036}]},{"id":502,"name":"奇瑞万达客车","firstletter":"Q","seriesitems":[{"id":2539,"name":"威麟H5","firstletter":"W","seriesstate":20,"seriesorder":3038},{"id":4796,"name":"威麟H6","firstletter":"W","seriesstate":20,"seriesorder":3039},{"id":2538,"name":"威麟H3","firstletter":"W","seriesstate":40,"seriesorder":3040}]}]}}
