{"returncode":0,"message":"成功","result":{"factoryitems":[{"id":203,"name":"广汽吉奥","firstletter":"G","seriesitems":[{"id":2488,"name":"星旺","firstletter":"X","seriesstate":20,"seriesorder":1317},{"id":2885,"name":"星旺CL","firstletter":"X","seriesstate":20,"seriesorder":1318},{"id":3159,"name":"星旺L","firstletter":"X","seriesstate":20,"seriesorder":1319},{"id":3139,"name":"星旺M1","firstletter":"X","seriesstate":20,"seriesorder":1320},{"id":3140,"name":"星旺M2","firstletter":"X","seriesstate":20,"seriesorder":1321},{"id":2599,"name":"财运100","firstletter":"C","seriesstate":20,"seriesorder":1322},{"id":2571,"name":"财运300","firstletter":"C","seriesstate":20,"seriesorder":1323},{"id":2568,"name":"财运500","firstletter":"C","seriesstate":20,"seriesorder":1324},{"id":3480,"name":"广汽吉奥GP150","firstletter":"G","seriesstate":20,"seriesorder":1325},{"id":2774,"name":"奥轩GX5","firstletter":"A","seriesstate":30,"seriesorder":1326},{"id":3134,"name":"星朗","firstletter":"X","seriesstate":30,"seriesorder":1327},{"id":3272,"name":"E美","firstletter":"E","seriesstate":40,"seriesorder":1328},{"id":2114,"name":"奥轩G3","firstletter":"A","seriesstate":40,"seriesorder":1329},{"id":969,"name":"吉奥凯旋","firstletter":"J","seriesstate":40,"seriesorder":1330},{"id":865,"name":"凯睿","firstletter":"K","seriesstate":40,"seriesorder":1331},{"id":1015,"name":"帅豹","firstletter":"S","seriesstate":40,"seriesorder":1332},{"id":968,"name":"帅威","firstletter":"S","seriesstate":40,"seriesorder":1333},{"id":2306,"name":"奥轩G5","firstletter":"A","seriesstate":40,"seriesorder":1334},{"id":3477,"name":"广汽吉奥GX6","firstletter":"G","seriesstate":40,"seriesorder":1335},{"id":967,"name":"帅驰","firstletter":"S","seriesstate":40,"seriesorder":1336},{"id":864,"name":"帅舰","firstletter":"S","seriesstate":40,"seriesorder":1337}]}]}}