{"returncode":0,"message":"成功","result":{"factoryitems":[{"id":427,"name":"广汽菲克菲亚特","firstletter":"G","seriesitems":[{"id":2767,"name":"菲翔","firstletter":"F","seriesstate":20,"seriesorder":1028},{"id":3267,"name":"致悦","firstletter":"Z","seriesstate":20,"seriesorder":1029}]},{"id":34,"name":"南京菲亚特","firstletter":"N","seriesitems":[{"id":465,"name":"派朗","firstletter":"P","seriesstate":40,"seriesorder":1030},{"id":89,"name":"派力奥","firstletter":"P","seriesstate":40,"seriesorder":1031},{"id":90,"name":"西耶那","firstletter":"X","seriesstate":40,"seriesorder":1032},{"id":91,"name":"周末风","firstletter":"Z","seriesstate":40,"seriesorder":1033}]},{"id":165,"name":"菲亚特(进口)","firstletter":"F","seriesitems":[{"id":601,"name":"菲亚特500","firstletter":"F","seriesstate":20,"seriesorder":1034},{"id":2262,"name":"菲跃","firstletter":"F","seriesstate":20,"seriesorder":1035},{"id":543,"name":"朋多","firstletter":"P","seriesstate":0,"seriesorder":1043},{"id":542,"name":"博悦","firstletter":"B","seriesstate":0,"seriesorder":1046},{"id":544,"name":"领雅","firstletter":"L","seriesstate":0,"seriesorder":1047}]}]}}