{"returncode":0,"message":"成功","result":{"factoryitems":[{"id":39,"name":"天津一汽","firstletter":"T","seriesitems":[{"id":2716,"name":"威志V5","firstletter":"W","seriesstate":20,"seriesorder":3054},{"id":878,"name":"夏利N5","firstletter":"X","seriesstate":20,"seriesorder":3055},{"id":2781,"name":"夏利N7","firstletter":"X","seriesstate":20,"seriesorder":3056},{"id":3979,"name":"骏派A70","firstletter":"J","seriesstate":20,"seriesorder":3057},{"id":4415,"name":"骏派A70E","firstletter":"J","seriesstate":20,"seriesorder":3058},{"id":3081,"name":"骏派D60","firstletter":"J","seriesstate":20,"seriesorder":3059},{"id":106,"name":"威乐","firstletter":"W","seriesstate":40,"seriesorder":3062},{"id":444,"name":"威志","firstletter":"W","seriesstate":40,"seriesorder":3063},{"id":879,"name":"威志V2","firstletter":"W","seriesstate":40,"seriesorder":3064},{"id":104,"name":"威姿","firstletter":"W","seriesstate":40,"seriesorder":3065},{"id":101,"name":"夏利","firstletter":"X","seriesstate":40,"seriesorder":3066},{"id":2159,"name":"一汽TFC","firstletter":"Y","seriesstate":40,"seriesorder":3069}]},{"id":166,"name":"一汽吉林","firstletter":"Y","seriesitems":[{"id":3824,"name":"森雅R7","firstletter":"S","seriesstate":20,"seriesorder":3071},{"id":2469,"name":"佳宝V52","firstletter":"J","seriesstate":20,"seriesorder":3072},{"id":2468,"name":"佳宝V55","firstletter":"J","seriesstate":20,"seriesorder":3073},{"id":3775,"name":"佳宝V75","firstletter":"J","seriesstate":20,"seriesorder":3074},{"id":3776,"name":"佳宝V77","firstletter":"J","seriesstate":20,"seriesorder":3075},{"id":3052,"name":"佳宝V80","firstletter":"J","seriesstate":20,"seriesorder":3076},{"id":2526,"name":"佳宝T50","firstletter":"J","seriesstate":20,"seriesorder":3077},{"id":2525,"name":"佳宝T51","firstletter":"J","seriesstate":20,"seriesorder":3078},{"id":2465,"name":"佳宝T57","firstletter":"J","seriesstate":20,"seriesorder":3079},{"id":3459,"name":"解放T80","firstletter":"J","seriesstate":20,"seriesorder":3080},{"id":2131,"name":"森雅S80","firstletter":"S","seriesstate":40,"seriesorder":3081},{"id":913,"name":"森雅M80","firstletter":"S","seriesstate":40,"seriesorder":3082},{"id":2464,"name":"佳宝V70","firstletter":"J","seriesstate":40,"seriesorder":3083},{"id":2870,"name":"佳宝V70 II代","firstletter":"J","seriesstate":40,"seriesorder":3084}]},{"id":338,"name":"一汽通用","firstletter":"Y","seriesitems":[{"id":2603,"name":"坤程","firstletter":"K","seriesstate":20,"seriesorder":3085}]}]}}