{"returncode":0,"message":"成功","result":{"factoryitems":[{"id":206,"name":"野马汽车","firstletter":"Y","seriesitems":[{"id":4425,"name":"斯派卡","firstletter":"S","seriesstate":10,"seriesorder":3033},{"id":2888,"name":"野马T70","firstletter":"Y","seriesstate":20,"seriesorder":3034},{"id":3765,"name":"野马T80","firstletter":"Y","seriesstate":20,"seriesorder":3035},{"id":3906,"name":"野马U能E350","firstletter":"Y","seriesstate":20,"seriesorder":3036},{"id":4510,"name":"野马EC30","firstletter":"Y","seriesstate":20,"seriesorder":3037},{"id":2378,"name":"野马F10","firstletter":"Y","seriesstate":40,"seriesorder":3050},{"id":2445,"name":"野马F12","firstletter":"Y","seriesstate":40,"seriesorder":3051},{"id":2440,"name":"野马F16","firstletter":"Y","seriesstate":40,"seriesorder":3052},{"id":939,"name":"野马F99","firstletter":"Y","seriesstate":40,"seriesorder":3053}]}]}}