{"returncode":0,"message":"成功","result":{"factoryitems":[{"id":59,"name":"上汽通用五菱","firstletter":"S","seriesitems":[{"id":4408,"name":"五菱宏光S3","firstletter":"W","seriesstate":20,"seriesorder":2814},{"id":2139,"name":"五菱宏光","firstletter":"W","seriesstate":20,"seriesorder":2815},{"id":2451,"name":"五菱荣光","firstletter":"W","seriesstate":20,"seriesorder":2816},{"id":3657,"name":"五菱荣光V","firstletter":"W","seriesstate":20,"seriesorder":2817},{"id":2456,"name":"五菱之光","firstletter":"W","seriesstate":20,"seriesorder":2818},{"id":4270,"name":"五菱之光V","firstletter":"W","seriesstate":20,"seriesorder":2819},{"id":2506,"name":"PN货车","firstletter":"P","seriesstate":20,"seriesorder":2820},{"id":2855,"name":"五菱荣光小卡","firstletter":"W","seriesstate":20,"seriesorder":2821},{"id":3946,"name":"五菱之光小卡","firstletter":"W","seriesstate":20,"seriesorder":2822},{"id":3570,"name":"五菱征程","firstletter":"W","seriesstate":20,"seriesorder":2823}]}]}}