{"returncode":0,"message":"成功","result":{"factoryitems":[{"id":27,"name":"北京现代","firstletter":"B","seriesitems":[{"id":2115,"name":"瑞纳","firstletter":"R","seriesstate":20,"seriesorder":2844},{"id":3415,"name":"瑞奕","firstletter":"R","seriesstate":20,"seriesorder":2845},{"id":4107,"name":"悦纳","firstletter":"Y","seriesstate":20,"seriesorder":2846},{"id":4222,"name":"悦纳RV","firstletter":"Y","seriesstate":20,"seriesorder":2847},{"id":586,"name":"悦动","firstletter":"Y","seriesstate":20,"seriesorder":2848},{"id":2764,"name":"朗动","firstletter":"L","seriesstate":20,"seriesorder":2849},{"id":3959,"name":"领动","firstletter":"L","seriesstate":20,"seriesorder":2850},{"id":4496,"name":"伊兰特EV","firstletter":"Y","seriesstate":20,"seriesorder":2851},{"id":3073,"name":"名图","firstletter":"M","seriesstate":20,"seriesorder":2852},{"id":3672,"name":"索纳塔九","firstletter":"S","seriesstate":20,"seriesorder":2853},{"id":3292,"name":"北京现代ix25","firstletter":"B","seriesstate":20,"seriesorder":2854},{"id":358,"name":"途胜","firstletter":"T","seriesstate":20,"seriesorder":2855},{"id":1007,"name":"北京现代ix35","firstletter":"B","seriesstate":20,"seriesorder":2856},{"id":2927,"name":"全新胜达","firstletter":"Q","seriesstate":20,"seriesorder":2857},{"id":431,"name":"雅绅特","firstletter":"Y","seriesstate":40,"seriesorder":2861},{"id":814,"name":"北京现代i30","firstletter":"B","seriesstate":40,"seriesorder":2862},{"id":51,"name":"伊兰特","firstletter":"Y","seriesstate":40,"seriesorder":2863},{"id":690,"name":"领翔","firstletter":"L","seriesstate":40,"seriesorder":2864},{"id":866,"name":"名驭","firstletter":"M","seriesstate":40,"seriesorder":2865},{"id":2649,"name":"索纳塔","firstletter":"S","seriesstate":40,"seriesorder":2866},{"id":50,"name":"索纳塔八","firstletter":"S","seriesstate":40,"seriesorder":2867},{"id":429,"name":"御翔","firstletter":"Y","seriesstate":40,"seriesorder":2868}]},{"id":402,"name":"四川现代","firstletter":"S","seriesitems":[{"id":3613,"name":"康恩迪","firstletter":"K","seriesstate":20,"seriesorder":2869}]},{"id":74,"name":"现代(进口)","firstletter":"X","seriesitems":[{"id":2256,"name":"Veloster飞思","firstletter":"V","seriesstate":20,"seriesorder":2870},{"id":446,"name":"雅尊","firstletter":"Y","seriesstate":20,"seriesorder":2871},{"id":3453,"name":"捷恩斯","firstletter":"J","seriesstate":20,"seriesorder":2872},{"id":255,"name":"雅科仕","firstletter":"Y","seriesstate":20,"seriesorder":2873},{"id":3164,"name":"格越","firstletter":"G","seriesstate":20,"seriesorder":2874},{"id":2117,"name":"H-1辉翼","firstletter":"H","seriesstate":20,"seriesorder":2875},{"id":1017,"name":"索纳塔(进口)","firstletter":"S","seriesstate":0,"seriesorder":2891},{"id":975,"name":"途胜(进口)","firstletter":"T","seriesstate":0,"seriesorder":2902},{"id":2984,"name":"全新胜达(进口)","firstletter":"Q","seriesstate":0,"seriesorder":2904},{"id":127,"name":"新胜达(进口)","firstletter":"X","seriesstate":0,"seriesorder":2907},{"id":131,"name":"君爵","firstletter":"J","seriesstate":40,"seriesorder":2917},{"id":594,"name":"劳恩斯","firstletter":"L","seriesstate":40,"seriesorder":2918},{"id":510,"name":"维拉克斯","firstletter":"W","seriesstate":40,"seriesorder":2922},{"id":457,"name":"美佳","firstletter":"M","seriesstate":40,"seriesorder":2923},{"id":252,"name":"酷派","firstletter":"K","seriesstate":40,"seriesorder":2925},{"id":756,"name":"劳恩斯-酷派","firstletter":"L","seriesstate":40,"seriesorder":2926}]}]}}