{"returncode":0,"message":"成功","result":{"factoryitems":[{"id":59,"name":"上汽通用五菱","firstletter":"S","seriesitems":[{"id":3993,"name":"宝骏E100","firstletter":"B","seriesstate":20,"seriesorder":162},{"id":4077,"name":"宝骏310","firstletter":"B","seriesstate":20,"seriesorder":163},{"id":4392,"name":"宝骏310W","firstletter":"B","seriesstate":20,"seriesorder":164},{"id":3343,"name":"宝骏610","firstletter":"B","seriesstate":20,"seriesorder":165},{"id":2236,"name":"宝骏630","firstletter":"B","seriesstate":20,"seriesorder":166},{"id":4166,"name":"宝骏510","firstletter":"B","seriesstate":20,"seriesorder":167},{"id":3677,"name":"宝骏560","firstletter":"B","seriesstate":20,"seriesorder":168},{"id":3412,"name":"宝骏730","firstletter":"B","seriesstate":20,"seriesorder":169},{"id":155,"name":"乐驰","firstletter":"L","seriesstate":40,"seriesorder":173},{"id":3774,"name":"宝骏330","firstletter":"B","seriesstate":40,"seriesorder":174}]}]}}