{"returncode":0,"message":"成功","result":{"factoryitems":[{"id":314,"name":"迈凯伦","firstletter":"M","seriesitems":[{"id":2902,"name":"迈凯伦P1","firstletter":"M","seriesstate":20,"seriesorder":2163},{"id":3809,"name":"迈凯伦540C","firstletter":"M","seriesstate":20,"seriesorder":2164},{"id":4040,"name":"迈凯伦570GT","firstletter":"M","seriesstate":20,"seriesorder":2165},{"id":3767,"name":"迈凯伦570S","firstletter":"M","seriesstate":20,"seriesorder":2166},{"id":3620,"name":"迈凯伦625C","firstletter":"M","seriesstate":20,"seriesorder":2167},{"id":3382,"name":"迈凯伦650S","firstletter":"M","seriesstate":20,"seriesorder":2168},{"id":3733,"name":"迈凯伦675LT","firstletter":"M","seriesstate":20,"seriesorder":2169},{"id":4366,"name":"迈凯伦720S","firstletter":"M","seriesstate":20,"seriesorder":2170},{"id":2293,"name":"迈凯伦12C","firstletter":"M","seriesstate":40,"seriesorder":2176}]}]}}