{"returncode":0,"message":"成功","result":{"factoryitems":[{"id":315,"name":"东风裕隆","firstletter":"D","seriesitems":[{"id":2988,"name":"纳5","firstletter":"N","seriesstate":20,"seriesorder":2210},{"id":3939,"name":"锐3","firstletter":"R","seriesstate":20,"seriesorder":2211},{"id":4497,"name":"U5 SUV","firstletter":"U","seriesstate":20,"seriesorder":2212},{"id":3293,"name":"优6 SUV","firstletter":"Y","seriesstate":20,"seriesorder":2213},{"id":2295,"name":"大7 SUV","firstletter":"D","seriesstate":20,"seriesorder":2214},{"id":3040,"name":"大7 MPV","firstletter":"D","seriesstate":20,"seriesorder":2215},{"id":2296,"name":"MASTER CEO","firstletter":"M","seriesstate":20,"seriesorder":2216}]}]}}