{"returncode":0,"message":"成功","result":{"factoryitems":[{"id":151,"name":"东风本田","firstletter":"D","seriesitems":[{"id":3104,"name":"杰德","firstletter":"J","seriesstate":20,"seriesorder":428},{"id":135,"name":"思域","firstletter":"S","seriesstate":20,"seriesorder":429},{"id":3859,"name":"哥瑞","firstletter":"G","seriesstate":20,"seriesorder":430},{"id":4179,"name":"竞瑞","firstletter":"J","seriesstate":20,"seriesorder":431},{"id":859,"name":"思铂睿","firstletter":"S","seriesstate":20,"seriesorder":432},{"id":3582,"name":"本田XR-V","firstletter":"B","seriesstate":20,"seriesorder":433},{"id":314,"name":"本田CR-V","firstletter":"B","seriesstate":20,"seriesorder":434},{"id":4304,"name":"本田UR-V","firstletter":"B","seriesstate":20,"seriesorder":435},{"id":2565,"name":"艾力绅","firstletter":"A","seriesstate":20,"seriesorder":436}]},{"id":32,"name":"广汽本田","firstletter":"G","seriesitems":[{"id":81,"name":"飞度","firstletter":"F","seriesstate":20,"seriesorder":438},{"id":3876,"name":"锋范","firstletter":"F","seriesstate":20,"seriesorder":439},{"id":3085,"name":"凌派","firstletter":"L","seriesstate":20,"seriesorder":440},{"id":78,"name":"雅阁","firstletter":"Y","seriesstate":20,"seriesorder":441},{"id":3460,"name":"缤智","firstletter":"B","seriesstate":20,"seriesorder":442},{"id":4102,"name":"冠道","firstletter":"G","seriesstate":20,"seriesorder":443},{"id":880,"name":"奥德赛","firstletter":"A","seriesstate":20,"seriesorder":444},{"id":694,"name":"锋范经典","firstletter":"F","seriesstate":40,"seriesorder":446},{"id":449,"name":"思迪","firstletter":"S","seriesstate":40,"seriesorder":447},{"id":2168,"name":"歌诗图","firstletter":"G","seriesstate":40,"seriesorder":448}]},{"id":75,"name":"本田(进口)","firstletter":"B","seriesitems":[{"id":897,"name":"本田CR-Z","firstletter":"B","seriesstate":20,"seriesorder":449},{"id":723,"name":"INSIGHT","firstletter":"I","seriesstate":30,"seriesorder":450},{"id":900,"name":"飞度(进口)","firstletter":"F","seriesstate":0,"seriesorder":459},{"id":231,"name":"里程","firstletter":"L","seriesstate":0,"seriesorder":470},{"id":233,"name":"时韵","firstletter":"S","seriesstate":40,"seriesorder":494}]}]}}