{"returncode":0,"message":"成功","result":{"factoryitems":[{"id":328,"name":"福迪汽车","firstletter":"F","seriesitems":[{"id":3633,"name":"揽福","firstletter":"L","seriesstate":20,"seriesorder":1167},{"id":2475,"name":"小超人","firstletter":"X","seriesstate":20,"seriesorder":1168},{"id":2895,"name":"雄师F16","firstletter":"X","seriesstate":20,"seriesorder":1169},{"id":3754,"name":"雄师F22","firstletter":"X","seriesstate":20,"seriesorder":1170},{"id":2894,"name":"雄狮","firstletter":"X","seriesstate":20,"seriesorder":1171},{"id":2454,"name":"探索者Ⅱ","firstletter":"T","seriesstate":40,"seriesorder":1172},{"id":2455,"name":"探索者Ⅲ","firstletter":"T","seriesstate":40,"seriesorder":1173},{"id":2453,"name":"探索者6","firstletter":"T","seriesstate":40,"seriesorder":1174}]}]}}