{"returncode":0,"message":"成功","result":{"factoryitems":[{"id":327,"name":"东风小康","firstletter":"D","seriesitems":[{"id":3036,"name":"东风小康C35","firstletter":"D","seriesstate":20,"seriesorder":950},{"id":3502,"name":"东风小康C36","firstletter":"D","seriesstate":20,"seriesorder":951},{"id":2865,"name":"东风小康C37","firstletter":"D","seriesstate":20,"seriesorder":952},{"id":4461,"name":"东风小康EC36","firstletter":"D","seriesstate":20,"seriesorder":953},{"id":4299,"name":"东风小康K05S","firstletter":"D","seriesstate":20,"seriesorder":954},{"id":2500,"name":"东风小康K07","firstletter":"D","seriesstate":20,"seriesorder":955},{"id":2501,"name":"东风小康K07II","firstletter":"D","seriesstate":20,"seriesorder":956},{"id":3697,"name":"东风小康K07S","firstletter":"D","seriesstate":20,"seriesorder":957},{"id":2499,"name":"东风小康K17","firstletter":"D","seriesstate":20,"seriesorder":958},{"id":2490,"name":"东风小康V07S","firstletter":"D","seriesstate":20,"seriesorder":959},{"id":2744,"name":"东风小康V29","firstletter":"D","seriesstate":20,"seriesorder":960},{"id":3698,"name":"东风小康C31","firstletter":"D","seriesstate":20,"seriesorder":961},{"id":3699,"name":"东风小康C32","firstletter":"D","seriesstate":20,"seriesorder":962},{"id":2452,"name":"东风小康K01","firstletter":"D","seriesstate":20,"seriesorder":963},{"id":2497,"name":"东风小康K02","firstletter":"D","seriesstate":20,"seriesorder":964},{"id":2491,"name":"东风小康V21","firstletter":"D","seriesstate":20,"seriesorder":965},{"id":2494,"name":"东风小康V22","firstletter":"D","seriesstate":20,"seriesorder":966},{"id":2495,"name":"东风小康V27","firstletter":"D","seriesstate":30,"seriesorder":967},{"id":2498,"name":"东风小康K06","firstletter":"D","seriesstate":40,"seriesorder":969}]}]}}