{"returncode":0,"message":"成功","result":{"factoryitems":[{"id":312,"name":"北京汽车","firstletter":"B","seriesitems":[{"id":4009,"name":"北汽威旺S50","firstletter":"B","seriesstate":20,"seriesorder":297},{"id":4154,"name":"北汽威旺M50F","firstletter":"B","seriesstate":20,"seriesorder":298},{"id":4553,"name":"北汽威旺M60","firstletter":"B","seriesstate":20,"seriesorder":299},{"id":2482,"name":"北汽威旺306","firstletter":"B","seriesstate":20,"seriesorder":300},{"id":3191,"name":"北汽威旺M20","firstletter":"B","seriesstate":20,"seriesorder":301},{"id":3916,"name":"北汽威旺M30","firstletter":"B","seriesstate":20,"seriesorder":302},{"id":4061,"name":"北汽威旺M35","firstletter":"B","seriesstate":20,"seriesorder":303},{"id":3428,"name":"北汽威旺T205-D","firstletter":"B","seriesstate":20,"seriesorder":304},{"id":3231,"name":"北汽威旺307","firstletter":"B","seriesstate":30,"seriesorder":305},{"id":2943,"name":"北汽威旺205","firstletter":"B","seriesstate":40,"seriesorder":307}]},{"id":185,"name":"北京汽车制造厂","firstletter":"B","seriesitems":[{"id":3712,"name":"北汽007","firstletter":"B","seriesstate":20,"seriesorder":308}]}]}}