{"returncode":0,"message":"成功","result":{"factoryitems":[{"id":329,"name":"南京依维柯","firstletter":"N","seriesitems":[{"id":4580,"name":"依维柯Daily(欧胜)","firstletter":"Y","seriesstate":20,"seriesorder":3086},{"id":4266,"name":"依维柯Ouba","firstletter":"Y","seriesstate":20,"seriesorder":3087},{"id":2533,"name":"依维柯Power Daily","firstletter":"Y","seriesstate":20,"seriesorder":3088},{"id":2532,"name":"依维柯得意","firstletter":"Y","seriesstate":20,"seriesorder":3089},{"id":2531,"name":"都灵","firstletter":"D","seriesstate":40,"seriesorder":3091}]}]}}