{"returncode":0,"message":"成功","result":{"factoryitems":[{"id":356,"name":"上汽大通","firstletter":"S","seriesitems":[{"id":4120,"name":"上汽大通D90","firstletter":"S","seriesstate":20,"seriesorder":2621},{"id":4338,"name":"上汽大通EG10","firstletter":"S","seriesstate":20,"seriesorder":2622},{"id":3064,"name":"上汽大通G10","firstletter":"S","seriesstate":20,"seriesorder":2623},{"id":2608,"name":"上汽大通V80","firstletter":"S","seriesstate":20,"seriesorder":2624},{"id":4241,"name":"上汽大通T60","firstletter":"S","seriesstate":20,"seriesorder":2625},{"id":3192,"name":"伊思坦纳","firstletter":"Y","seriesstate":40,"seriesorder":2626}]}]}}