{"returncode":0,"message":"成功","result":{"factoryitems":[{"id":160,"name":"长安汽车","firstletter":"C","seriesitems":[{"id":4517,"name":"欧尚X70A","firstletter":"O","seriesstate":10,"seriesorder":681},{"id":4480,"name":"奔奔mini-e","firstletter":"B","seriesstate":20,"seriesorder":682},{"id":2954,"name":"欧力威","firstletter":"O","seriesstate":20,"seriesorder":683},{"id":4499,"name":"欧力威EV","firstletter":"O","seriesstate":20,"seriesorder":684},{"id":3893,"name":"长安CX70","firstletter":"C","seriesstate":20,"seriesorder":685},{"id":3783,"name":"欧尚","firstletter":"O","seriesstate":20,"seriesorder":686},{"id":4376,"name":"欧尚A800","firstletter":"O","seriesstate":20,"seriesorder":687},{"id":2600,"name":"长安之星","firstletter":"C","seriesstate":20,"seriesorder":688},{"id":2605,"name":"长安之星2","firstletter":"C","seriesstate":20,"seriesorder":689},{"id":3526,"name":"长安之星3","firstletter":"C","seriesstate":20,"seriesorder":690},{"id":3514,"name":"长安之星7","firstletter":"C","seriesstate":20,"seriesorder":691},{"id":3685,"name":"长安之星9","firstletter":"C","seriesstate":20,"seriesorder":692},{"id":2566,"name":"欧诺","firstletter":"O","seriesstate":20,"seriesorder":693},{"id":3155,"name":"长安星卡","firstletter":"C","seriesstate":20,"seriesorder":694},{"id":2505,"name":"金牛星","firstletter":"J","seriesstate":30,"seriesorder":695},{"id":2504,"name":"长安星光","firstletter":"C","seriesstate":40,"seriesorder":696},{"id":2604,"name":"长安之星S460","firstletter":"C","seriesstate":40,"seriesorder":697}]}]}}