{"returncode":0,"message":"成功","result":{"factoryitems":[{"id":394,"name":"江西五十铃","firstletter":"J","seriesitems":[{"id":3576,"name":"五十铃mu-X","firstletter":"W","seriesstate":20,"seriesorder":2824},{"id":3562,"name":"D-MAX","firstletter":"D","seriesstate":20,"seriesorder":2825},{"id":3935,"name":"瑞迈","firstletter":"R","seriesstate":20,"seriesorder":2826}]},{"id":350,"name":"庆铃汽车","firstletter":"Q","seriesitems":[{"id":4198,"name":"竞技者","firstletter":"J","seriesstate":20,"seriesorder":2827},{"id":2834,"name":"五十铃皮卡","firstletter":"W","seriesstate":20,"seriesorder":2828}]},{"id":395,"name":"五十铃","firstletter":"W","seriesitems":[{"id":3564,"name":"D-MAX(海外)","firstletter":"D","seriesstate":0,"seriesorder":2830}]}]}}