{"returncode":0,"message":"成功","result":{"factoryitems":[{"id":351,"name":"摩根","firstletter":"M","seriesitems":[{"id":4049,"name":"摩根EV3","firstletter":"M","seriesstate":10,"seriesorder":2191},{"id":3491,"name":"3 Wheeler","firstletter":"3","seriesstate":20,"seriesorder":2192},{"id":3153,"name":"摩根4-4","firstletter":"M","seriesstate":20,"seriesorder":2193},{"id":2835,"name":"摩根Aero","firstletter":"M","seriesstate":20,"seriesorder":2194},{"id":3736,"name":"摩根Aero 8","firstletter":"M","seriesstate":20,"seriesorder":2195},{"id":3152,"name":"摩根Plus 4","firstletter":"M","seriesstate":20,"seriesorder":2196},{"id":2836,"name":"摩根Plus 8","firstletter":"M","seriesstate":20,"seriesorder":2197},{"id":3151,"name":"摩根Roadster","firstletter":"M","seriesstate":20,"seriesorder":2198}]}]}}