{"returncode":0,"message":"成功","result":{"factoryitems":[{"id":359,"name":"厦门金旅","firstletter":"X","seriesitems":[{"id":3886,"name":"金旅大海狮","firstletter":"J","seriesstate":20,"seriesorder":1671},{"id":3885,"name":"金旅大海狮新能源","firstletter":"J","seriesstate":20,"seriesorder":1672},{"id":2976,"name":"金旅海狮","firstletter":"J","seriesstate":20,"seriesorder":1673},{"id":4601,"name":"金旅海狮新能源","firstletter":"J","seriesstate":20,"seriesorder":1674}]}]}}