{"returncode":0,"message":"成功","result":{"factoryitems":[{"id":159,"name":"上汽集团","firstletter":"S","seriesitems":[{"id":2779,"name":"荣威e50","firstletter":"R","seriesstate":20,"seriesorder":2491},{"id":2062,"name":"荣威350","firstletter":"R","seriesstate":20,"seriesorder":2492},{"id":3857,"name":"荣威360","firstletter":"R","seriesstate":20,"seriesorder":2493},{"id":537,"name":"荣威550","firstletter":"R","seriesstate":20,"seriesorder":2494},{"id":3978,"name":"荣威e550","firstletter":"R","seriesstate":20,"seriesorder":2495},{"id":4263,"name":"荣威ei6","firstletter":"R","seriesstate":20,"seriesorder":2496},{"id":4246,"name":"荣威i6","firstletter":"R","seriesstate":20,"seriesorder":2497},{"id":2743,"name":"荣威950","firstletter":"R","seriesstate":20,"seriesorder":2498},{"id":3977,"name":"荣威e950","firstletter":"R","seriesstate":20,"seriesorder":2499},{"id":4473,"name":"荣威RX3","firstletter":"R","seriesstate":20,"seriesorder":2500},{"id":4080,"name":"荣威RX5","firstletter":"R","seriesstate":20,"seriesorder":2501},{"id":4240,"name":"荣威RX5新能源","firstletter":"R","seriesstate":20,"seriesorder":2502},{"id":2297,"name":"荣威W5","firstletter":"R","seriesstate":20,"seriesorder":2503},{"id":482,"name":"荣威750","firstletter":"R","seriesstate":40,"seriesorder":2508}]}]}}