{"returncode":0,"message":"成功","result":{"factoryitems":[{"id":380,"name":"卡威汽车","firstletter":"K","seriesitems":[{"id":4482,"name":"卡威W1新能源","firstletter":"K","seriesstate":20,"seriesorder":1694},{"id":4563,"name":"路易斯","firstletter":"L","seriesstate":20,"seriesorder":1695},{"id":3360,"name":"卡威K1","firstletter":"K","seriesstate":20,"seriesorder":1696},{"id":4172,"name":"卡威K150","firstletter":"K","seriesstate":20,"seriesorder":1697},{"id":4557,"name":"卡威K150GT","firstletter":"K","seriesstate":20,"seriesorder":1698},{"id":3511,"name":"卡威W1","firstletter":"K","seriesstate":30,"seriesorder":1699}]}]}}