{"returncode":0,"message":"成功","result":{"factoryitems":[{"id":159,"name":"上汽集团","firstletter":"S","seriesitems":[{"id":2147,"name":"名爵3","firstletter":"M","seriesstate":20,"seriesorder":2178},{"id":555,"name":"名爵3SW","firstletter":"M","seriesstate":20,"seriesorder":2179},{"id":835,"name":"名爵6","firstletter":"M","seriesstate":20,"seriesorder":2180},{"id":3547,"name":"锐行","firstletter":"R","seriesstate":20,"seriesorder":2181},{"id":4247,"name":"名爵ZS","firstletter":"M","seriesstate":20,"seriesorder":2182},{"id":3065,"name":"锐腾","firstletter":"R","seriesstate":20,"seriesorder":2183},{"id":532,"name":"名爵5","firstletter":"M","seriesstate":40,"seriesorder":2188},{"id":531,"name":"名爵7","firstletter":"M","seriesstate":40,"seriesorder":2189},{"id":533,"name":"名爵TF","firstletter":"M","seriesstate":40,"seriesorder":2190}]}]}}