{"returncode":0,"message":"成功","result":{"factoryitems":[{"id":384,"name":"南京金龙","firstletter":"N","seriesitems":[{"id":4639,"name":"开沃D07","firstletter":"K","seriesstate":20,"seriesorder":2223},{"id":4640,"name":"开沃D08","firstletter":"K","seriesstate":20,"seriesorder":2224},{"id":4641,"name":"开沃D09","firstletter":"K","seriesstate":20,"seriesorder":2225},{"id":4642,"name":"开沃D10","firstletter":"K","seriesstate":20,"seriesorder":2226},{"id":3432,"name":"开沃D11","firstletter":"K","seriesstate":20,"seriesorder":2227}]}]}}