{"returncode":0,"message":"成功","result":{"factoryitems":[{"id":53,"name":"华晨中华","firstletter":"H","seriesitems":[{"id":4498,"name":"中华V6","firstletter":"Z","seriesstate":10,"seriesorder":3148},{"id":3289,"name":"中华豚","firstletter":"Z","seriesstate":20,"seriesorder":3149},{"id":2999,"name":"中华H220","firstletter":"Z","seriesstate":20,"seriesorder":3150},{"id":2770,"name":"中华H230","firstletter":"Z","seriesstate":20,"seriesorder":3151},{"id":4309,"name":"中华H230EV","firstletter":"Z","seriesstate":20,"seriesorder":3152},{"id":3878,"name":"中华H3","firstletter":"Z","seriesstate":20,"seriesorder":3153},{"id":2998,"name":"中华H330","firstletter":"Z","seriesstate":20,"seriesorder":3154},{"id":2323,"name":"中华H530","firstletter":"Z","seriesstate":20,"seriesorder":3155},{"id":3530,"name":"中华V3","firstletter":"Z","seriesstate":20,"seriesorder":3156},{"id":2294,"name":"中华V5","firstletter":"Z","seriesstate":20,"seriesorder":3157},{"id":2857,"name":"中华H320","firstletter":"Z","seriesstate":40,"seriesorder":3161},{"id":860,"name":"中华骏捷Cross","firstletter":"Z","seriesstate":40,"seriesorder":3162},{"id":523,"name":"中华骏捷FRV","firstletter":"Z","seriesstate":40,"seriesorder":3163},{"id":825,"name":"中华骏捷FSV","firstletter":"Z","seriesstate":40,"seriesorder":3164},{"id":411,"name":"中华骏捷","firstletter":"Z","seriesstate":40,"seriesorder":3165},{"id":130,"name":"中华尊驰","firstletter":"Z","seriesstate":40,"seriesorder":3166},{"id":490,"name":"中华酷宝","firstletter":"Z","seriesstate":40,"seriesorder":3167}]}]}}