{"returncode":0,"message":"成功","result":{"factoryitems":[{"id":30,"name":"哈飞汽车","firstletter":"H","seriesitems":[{"id":2487,"name":"哈飞小霸王","firstletter":"H","seriesstate":20,"seriesorder":1343},{"id":2485,"name":"骏意","firstletter":"J","seriesstate":20,"seriesorder":1344},{"id":2486,"name":"民意","firstletter":"M","seriesstate":20,"seriesorder":1345},{"id":3038,"name":"中意V5","firstletter":"Z","seriesstate":20,"seriesorder":1346},{"id":3840,"name":"民意微卡","firstletter":"M","seriesstate":20,"seriesorder":1347},{"id":67,"name":"路宝","firstletter":"L","seriesstate":40,"seriesorder":1348},{"id":68,"name":"赛马","firstletter":"S","seriesstate":40,"seriesorder":1349},{"id":392,"name":"赛豹III","firstletter":"S","seriesstate":40,"seriesorder":1350},{"id":481,"name":"赛豹V","firstletter":"S","seriesstate":40,"seriesorder":1351},{"id":2536,"name":"路尊大霸王","firstletter":"L","seriesstate":40,"seriesorder":1352}]}]}}