{"returncode":0,"message":"成功","result":{"factoryitems":[{"id":33,"name":"奇瑞汽车","firstletter":"Q","seriesitems":[{"id":2989,"name":"奇瑞QQ","firstletter":"Q","seriesstate":20,"seriesorder":2274},{"id":837,"name":"风云2","firstletter":"F","seriesstate":20,"seriesorder":2275},{"id":3405,"name":"艾瑞泽5","firstletter":"A","seriesstate":20,"seriesorder":2276},{"id":2980,"name":"艾瑞泽7","firstletter":"A","seriesstate":20,"seriesorder":2277},{"id":2324,"name":"奇瑞E5","firstletter":"Q","seriesstate":20,"seriesorder":2278},{"id":3397,"name":"瑞虎3","firstletter":"R","seriesstate":20,"seriesorder":2279},{"id":4099,"name":"瑞虎3x","firstletter":"R","seriesstate":20,"seriesorder":2280},{"id":3195,"name":"瑞虎5","firstletter":"R","seriesstate":20,"seriesorder":2281},{"id":4531,"name":"瑞虎5x","firstletter":"R","seriesstate":20,"seriesorder":2282},{"id":3766,"name":"瑞虎7","firstletter":"R","seriesstate":20,"seriesorder":2283},{"id":2914,"name":"爱卡","firstletter":"A","seriesstate":20,"seriesorder":2284},{"id":3157,"name":"艾瑞泽3","firstletter":"A","seriesstate":30,"seriesorder":2285},{"id":3300,"name":"艾瑞泽M7","firstletter":"A","seriesstate":30,"seriesorder":2286},{"id":87,"name":"奇瑞QQ3","firstletter":"Q","seriesstate":40,"seriesorder":2294},{"id":478,"name":"奇瑞QQ6","firstletter":"Q","seriesstate":40,"seriesorder":2295},{"id":612,"name":"奇瑞QQme","firstletter":"Q","seriesstate":40,"seriesorder":2296},{"id":996,"name":"旗云1","firstletter":"Q","seriesstate":40,"seriesorder":2297},{"id":518,"name":"奇瑞A1","firstletter":"Q","seriesstate":40,"seriesorder":2298},{"id":2953,"name":"奇瑞E3","firstletter":"Q","seriesstate":40,"seriesorder":2299},{"id":85,"name":"旗云","firstletter":"Q","seriesstate":40,"seriesorder":2300},{"id":2178,"name":"旗云2","firstletter":"Q","seriesstate":40,"seriesorder":2301},{"id":4223,"name":"艾瑞泽7e","firstletter":"A","seriesstate":40,"seriesorder":2302},{"id":84,"name":"风云","firstletter":"F","seriesstate":40,"seriesorder":2303},{"id":530,"name":"奇瑞A3","firstletter":"Q","seriesstate":40,"seriesorder":2304},{"id":434,"name":"奇瑞A5","firstletter":"Q","seriesstate":40,"seriesorder":2305},{"id":2180,"name":"旗云3","firstletter":"Q","seriesstate":40,"seriesorder":2308},{"id":83,"name":"东方之子","firstletter":"D","seriesstate":40,"seriesorder":2309},{"id":2331,"name":"旗云5","firstletter":"Q","seriesstate":40,"seriesorder":2310},{"id":854,"name":"奇瑞X1","firstletter":"Q","seriesstate":40,"seriesorder":2312},{"id":396,"name":"瑞虎","firstletter":"R","seriesstate":40,"seriesorder":2313},{"id":451,"name":"东方之子Cross","firstletter":"D","seriesstate":40,"seriesorder":2315}]},{"id":405,"name":"奇瑞新能源","firstletter":"Q","seriesitems":[{"id":3648,"name":"奇瑞eQ","firstletter":"Q","seriesstate":20,"seriesorder":2316},{"id":4218,"name":"奇瑞eQ1","firstletter":"Q","seriesstate":20,"seriesorder":2317},{"id":4262,"name":"艾瑞泽5e","firstletter":"A","seriesstate":20,"seriesorder":2318},{"id":3920,"name":"奇瑞QQ3EV","firstletter":"Q","seriesstate":40,"seriesorder":2321}]}]}}