{"returncode":0,"message":"成功","result":{"factoryitems":[{"id":397,"name":"长安轻型车","firstletter":"C","seriesitems":[{"id":4132,"name":"睿行S50","firstletter":"R","seriesstate":20,"seriesorder":698},{"id":4292,"name":"睿行S50T","firstletter":"R","seriesstate":20,"seriesorder":699},{"id":2923,"name":"神骐T20","firstletter":"S","seriesstate":20,"seriesorder":700},{"id":4372,"name":"睿行M70","firstletter":"R","seriesstate":20,"seriesorder":701},{"id":3227,"name":"睿行M80","firstletter":"R","seriesstate":20,"seriesorder":702},{"id":4011,"name":"睿行M90","firstletter":"R","seriesstate":20,"seriesorder":703},{"id":4012,"name":"神骐F30","firstletter":"S","seriesstate":20,"seriesorder":704},{"id":2606,"name":"长安星光4500","firstletter":"C","seriesstate":40,"seriesorder":705},{"id":3091,"name":"尊行","firstletter":"Z","seriesstate":40,"seriesorder":706},{"id":4013,"name":"神骐F50","firstletter":"S","seriesstate":40,"seriesorder":707}]}]}}