{"returncode":0,"message":"成功","result":{"factoryitems":[{"id":155,"name":"广汽丰田","firstletter":"G","seriesitems":[{"id":4259,"name":"YARiS L 致享","firstletter":"Y","seriesstate":20,"seriesorder":1059},{"id":3126,"name":"YARiS L 致炫","firstletter":"Y","seriesstate":20,"seriesorder":1060},{"id":3462,"name":"雷凌","firstletter":"L","seriesstate":20,"seriesorder":1061},{"id":110,"name":"凯美瑞","firstletter":"K","seriesstate":20,"seriesorder":1062},{"id":771,"name":"汉兰达","firstletter":"H","seriesstate":20,"seriesorder":1063},{"id":2237,"name":"逸致","firstletter":"Y","seriesstate":20,"seriesorder":1064},{"id":505,"name":"雅力士","firstletter":"Y","seriesstate":40,"seriesorder":1066}]},{"id":40,"name":"一汽丰田","firstletter":"Y","seriesitems":[{"id":111,"name":"威驰","firstletter":"W","seriesstate":20,"seriesorder":1067},{"id":4260,"name":"威驰FS","firstletter":"W","seriesstate":20,"seriesorder":1068},{"id":526,"name":"卡罗拉","firstletter":"K","seriesstate":20,"seriesorder":1069},{"id":882,"name":"皇冠","firstletter":"H","seriesstate":20,"seriesorder":1070},{"id":770,"name":"RAV4荣放","firstletter":"R","seriesstate":20,"seriesorder":1071},{"id":46,"name":"普拉多","firstletter":"P","seriesstate":20,"seriesorder":1072},{"id":2527,"name":"柯斯达","firstletter":"K","seriesstate":20,"seriesorder":1073},{"id":371,"name":"普锐斯","firstletter":"P","seriesstate":30,"seriesorder":1074},{"id":375,"name":"锐志","firstletter":"R","seriesstate":30,"seriesorder":1075},{"id":45,"name":"兰德酷路泽","firstletter":"L","seriesstate":30,"seriesorder":1076},{"id":109,"name":"花冠","firstletter":"H","seriesstate":40,"seriesorder":1078},{"id":170,"name":"特锐","firstletter":"T","seriesstate":40,"seriesorder":1079}]},{"id":63,"name":"丰田(进口)","firstletter":"F","seriesitems":[{"id":2107,"name":"埃尔法","firstletter":"A","seriesstate":20,"seriesorder":1080},{"id":107,"name":"普瑞维亚","firstletter":"P","seriesstate":20,"seriesorder":1081},{"id":2574,"name":"丰田86","firstletter":"F","seriesstate":20,"seriesorder":1082},{"id":2607,"name":"HIACE","firstletter":"H","seriesstate":20,"seriesorder":1083},{"id":963,"name":"凯美瑞(海外)","firstletter":"K","seriesstate":0,"seriesorder":1117},{"id":206,"name":"丰田RAV4(进口)","firstletter":"F","seriesstate":0,"seriesorder":1128},{"id":513,"name":"FJ 酷路泽","firstletter":"F","seriesstate":0,"seriesorder":1129},{"id":3851,"name":"Fortuner","firstletter":"F","seriesstate":0,"seriesorder":1130},{"id":549,"name":"汉兰达(进口)","firstletter":"H","seriesstate":0,"seriesorder":1133},{"id":550,"name":"兰德酷路泽(进口)","firstletter":"L","seriesstate":0,"seriesorder":1135},{"id":334,"name":"普拉多(进口)","firstletter":"P","seriesstate":0,"seriesorder":1136},{"id":964,"name":"红杉","firstletter":"H","seriesstate":0,"seriesorder":1137},{"id":983,"name":"Sienna","firstletter":"S","seriesstate":0,"seriesorder":1140},{"id":2354,"name":"坦途","firstletter":"T","seriesstate":0,"seriesorder":1156},{"id":762,"name":"威飒","firstletter":"W","seriesstate":40,"seriesorder":1161},{"id":2244,"name":"杰路驰","firstletter":"J","seriesstate":40,"seriesorder":1164}]}]}}