{"returncode":0,"message":"成功","result":{"factoryitems":[{"id":172,"name":"东风汽车","firstletter":"D","seriesitems":[{"id":4560,"name":"御风S16","firstletter":"Y","seriesstate":20,"seriesorder":892},{"id":2839,"name":"御风","firstletter":"Y","seriesstate":20,"seriesorder":893},{"id":4278,"name":"御风EV","firstletter":"Y","seriesstate":20,"seriesorder":894},{"id":3716,"name":"东风皮卡","firstletter":"D","seriesstate":20,"seriesorder":895},{"id":3166,"name":"虎视","firstletter":"H","seriesstate":20,"seriesorder":896},{"id":4486,"name":"御风P16","firstletter":"Y","seriesstate":20,"seriesorder":897},{"id":560,"name":"猛士","firstletter":"M","seriesstate":0,"seriesorder":900},{"id":2901,"name":"俊风CV03","firstletter":"J","seriesstate":40,"seriesorder":902}]},{"id":173,"name":"郑州日产","firstletter":"Z","seriesitems":[{"id":951,"name":"帅客","firstletter":"S","seriesstate":20,"seriesorder":903},{"id":3279,"name":"俊风","firstletter":"J","seriesstate":20,"seriesorder":904},{"id":2512,"name":"锐骐多功能车","firstletter":"R","seriesstate":20,"seriesorder":905},{"id":2510,"name":"锐骐皮卡","firstletter":"R","seriesstate":20,"seriesorder":906},{"id":561,"name":"奥丁","firstletter":"A","seriesstate":40,"seriesorder":907},{"id":562,"name":"御轩","firstletter":"Y","seriesstate":40,"seriesorder":908}]}]}}