{"returncode":0,"message":"成功","result":{"factoryitems":[{"id":108,"name":"阿斯顿·马丁","firstletter":"A","seriesitems":[{"id":923,"name":"Rapide","firstletter":"R","seriesstate":20,"seriesorder":58},{"id":884,"name":"拉共达Taraf","firstletter":"L","seriesstate":20,"seriesorder":59},{"id":385,"name":"V8 Vantage","firstletter":"V","seriesstate":20,"seriesorder":60},{"id":822,"name":"V12 Vantage","firstletter":"V","seriesstate":20,"seriesorder":61},{"id":266,"name":"阿斯顿·马丁DB9","firstletter":"A","seriesstate":20,"seriesorder":62},{"id":386,"name":"Vanquish","firstletter":"V","seriesstate":20,"seriesorder":63},{"id":3891,"name":"阿斯顿·马丁DB11","firstletter":"A","seriesstate":20,"seriesorder":64},{"id":2275,"name":"Virage","firstletter":"V","seriesstate":0,"seriesorder":67},{"id":2846,"name":"V12 Zagato","firstletter":"V","seriesstate":40,"seriesorder":75},{"id":582,"name":"阿斯顿·马丁DBS","firstletter":"A","seriesstate":40,"seriesorder":77}]}]}}