{"returncode":0,"message":"成功","result":{"factoryitems":[{"id":152,"name":"北京奔驰","firstletter":"B","seriesitems":[{"id":588,"name":"奔驰C级","firstletter":"B","seriesstate":20,"seriesorder":334},{"id":197,"name":"奔驰E级","firstletter":"B","seriesstate":20,"seriesorder":335},{"id":3248,"name":"奔驰GLA","firstletter":"B","seriesstate":20,"seriesorder":336},{"id":3862,"name":"奔驰GLC","firstletter":"B","seriesstate":20,"seriesorder":337},{"id":4349,"name":"奔驰C级新能源","firstletter":"B","seriesstate":40,"seriesorder":338},{"id":2562,"name":"奔驰GLK级","firstletter":"B","seriesstate":40,"seriesorder":339}]},{"id":301,"name":"福建奔驰","firstletter":"F","seriesitems":[{"id":3823,"name":"奔驰V级","firstletter":"B","seriesstate":20,"seriesorder":340},{"id":2084,"name":"威霆","firstletter":"W","seriesstate":20,"seriesorder":341},{"id":2564,"name":"凌特","firstletter":"L","seriesstate":20,"seriesorder":342},{"id":2034,"name":"唯雅诺","firstletter":"W","seriesstate":40,"seriesorder":343}]},{"id":47,"name":"奔驰(进口)","firstletter":"B","seriesitems":[{"id":52,"name":"奔驰A级","firstletter":"B","seriesstate":20,"seriesorder":344},{"id":398,"name":"奔驰B级","firstletter":"B","seriesstate":20,"seriesorder":345},{"id":2966,"name":"奔驰CLA级","firstletter":"B","seriesstate":20,"seriesorder":346},{"id":56,"name":"奔驰C级(进口)","firstletter":"B","seriesstate":20,"seriesorder":347},{"id":450,"name":"奔驰E级(进口)","firstletter":"B","seriesstate":20,"seriesorder":348},{"id":365,"name":"奔驰CLS级","firstletter":"B","seriesstate":20,"seriesorder":349},{"id":59,"name":"奔驰S级","firstletter":"B","seriesstate":20,"seriesorder":350},{"id":4344,"name":"奔驰S级新能源","firstletter":"B","seriesstate":20,"seriesorder":351},{"id":3339,"name":"奔驰GLC(进口)","firstletter":"B","seriesstate":20,"seriesorder":352},{"id":3683,"name":"奔驰GLE","firstletter":"B","seriesstate":20,"seriesorder":353},{"id":4346,"name":"奔驰GLE新能源","firstletter":"B","seriesstate":20,"seriesorder":354},{"id":60,"name":"奔驰G级","firstletter":"B","seriesstate":20,"seriesorder":355},{"id":3688,"name":"奔驰GLS","firstletter":"B","seriesstate":20,"seriesorder":356},{"id":469,"name":"奔驰R级","firstletter":"B","seriesstate":20,"seriesorder":357},{"id":3278,"name":"奔驰SLC","firstletter":"B","seriesstate":20,"seriesorder":358},{"id":237,"name":"奔驰SL级","firstletter":"B","seriesstate":20,"seriesorder":359},{"id":3079,"name":"奔驰GLA(进口)","firstletter":"B","seriesstate":0,"seriesorder":368},{"id":2005,"name":"Sprinter","firstletter":"S","seriesstate":0,"seriesorder":372},{"id":192,"name":"威霆(进口)","firstletter":"W","seriesstate":0,"seriesorder":376},{"id":595,"name":"奔驰GLK级(进口)","firstletter":"B","seriesstate":40,"seriesorder":384},{"id":57,"name":"奔驰M级","firstletter":"B","seriesstate":40,"seriesorder":385},{"id":467,"name":"奔驰GL级","firstletter":"B","seriesstate":40,"seriesorder":386},{"id":300,"name":"唯雅诺(进口)","firstletter":"W","seriesstate":40,"seriesorder":387},{"id":235,"name":"奔驰CLK级","firstletter":"B","seriesstate":40,"seriesorder":389},{"id":683,"name":"奔驰CL级","firstletter":"B","seriesstate":40,"seriesorder":390},{"id":267,"name":"奔驰SLK级","firstletter":"B","seriesstate":40,"seriesorder":391}]},{"id":344,"name":"梅赛德斯-AMG","firstletter":"M","seriesitems":[{"id":2842,"name":"奔驰A级AMG","firstletter":"B","seriesstate":20,"seriesorder":393},{"id":2967,"name":"奔驰CLA级AMG","firstletter":"B","seriesstate":20,"seriesorder":394},{"id":2717,"name":"奔驰C级AMG","firstletter":"B","seriesstate":20,"seriesorder":395},{"id":2719,"name":"奔驰CLS级AMG","firstletter":"B","seriesstate":20,"seriesorder":396},{"id":2718,"name":"奔驰E级AMG","firstletter":"B","seriesstate":20,"seriesorder":397},{"id":2197,"name":"奔驰S级AMG","firstletter":"B","seriesstate":20,"seriesorder":398},{"id":3264,"name":"奔驰GLA AMG","firstletter":"B","seriesstate":20,"seriesorder":399},{"id":4074,"name":"奔驰GLC AMG","firstletter":"B","seriesstate":20,"seriesorder":400},{"id":3704,"name":"奔驰GLE AMG","firstletter":"B","seriesstate":20,"seriesorder":401},{"id":2723,"name":"�汲跥级AMG","firstletter":"B","seriesstate":20,"seriesorder":402},{"id":3901,"name":"奔驰GLS AMG","firstletter":"B","seriesstate":20,"seriesorder":403},{"id":3451,"name":"AMG GT","firstletter":"A","seriesstate":20,"seriesorder":404},{"id":2721,"name":"奔驰SLK级AMG","firstletter":"B","seriesstate":0,"seriesorder":406},{"id":2720,"name":"奔驰SL级AMG","firstletter":"B","seriesstate":0,"seriesorder":407},{"id":2722,"name":"奔驰M级AMG","firstletter":"B","seriesstate":40,"seriesorder":411},{"id":2833,"name":"奔驰GL级AMG","firstletter":"B","seriesstate":40,"seriesorder":412},{"id":914,"name":"奔驰SLS级AMG","firstletter":"B","seriesstate":40,"seriesorder":414}]},{"id":407,"name":"梅赛德斯-迈巴赫","firstletter":"M","seriesitems":[{"id":3665,"name":"迈巴赫S级","firstletter":"M","seriesstate":20,"seriesorder":415}]}]}}