{"returncode":0,"message":"成功","result":{"factoryitems":[{"id":93,"name":"上汽通用别克","firstletter":"S","seriesitems":[{"id":4239,"name":"VELITE 5","firstletter":"V","seriesstate":20,"seriesorder":584},{"id":3751,"name":"威朗","firstletter":"W","seriesstate":20,"seriesorder":585},{"id":982,"name":"英朗","firstletter":"Y","seriesstate":20,"seriesorder":586},{"id":4552,"name":"阅朗","firstletter":"Y","seriesstate":20,"seriesorder":587},{"id":164,"name":"君威","firstletter":"J","seriesstate":20,"seriesorder":588},{"id":834,"name":"君越","firstletter":"J","seriesstate":20,"seriesorder":589},{"id":2896,"name":"昂科拉","firstletter":"A","seriesstate":20,"seriesorder":590},{"id":3554,"name":"昂科威","firstletter":"A","seriesstate":20,"seriesorder":591},{"id":4487,"name":"别克GL6","firstletter":"B","seriesstate":20,"seriesorder":592},{"id":166,"name":"别克GL8","firstletter":"B","seriesstate":20,"seriesorder":593},{"id":875,"name":"凯越","firstletter":"K","seriesstate":40,"seriesorder":594},{"id":525,"name":"林荫大道","firstletter":"L","seriesstate":40,"seriesorder":596},{"id":344,"name":"荣御","firstletter":"R","seriesstate":40,"seriesorder":597}]},{"id":182,"name":"别克(进口)","firstletter":"B","seriesitems":[{"id":592,"name":"昂科雷","firstletter":"A","seriesstate":20,"seriesorder":598}]}]}}