{"returncode":0,"message":"成功","result":{"factoryitems":[{"id":51,"name":"东南汽车","firstletter":"D","seriesitems":[{"id":574,"name":"凯领","firstletter":"K","seriesstate":40,"seriesorder":872}]},{"id":175,"name":"道奇(进口)","firstletter":"D","seriesitems":[{"id":602,"name":"酷威","firstletter":"K","seriesstate":20,"seriesorder":873},{"id":576,"name":"锋哲","firstletter":"F","seriesstate":0,"seriesorder":875},{"id":2198,"name":"道奇Ram","firstletter":"D","seriesstate":0,"seriesorder":880},{"id":575,"name":"酷搏","firstletter":"K","seriesstate":40,"seriesorder":881}]}]}}