{"returncode":0,"message":"成功","result":{"factoryitems":[{"id":83,"name":"兰博基尼","firstletter":"L","seriesitems":[{"id":2775,"name":"Urus","firstletter":"U","seriesstate":20,"seriesorder":1810},{"id":3277,"name":"Huracan","firstletter":"H","seriesstate":20,"seriesorder":1811},{"id":2277,"name":"Aventador","firstletter":"A","seriesstate":20,"seriesorder":1812},{"id":354,"name":"Gallardo","firstletter":"G","seriesstate":40,"seriesorder":1822},{"id":174,"name":"Murcielago","firstletter":"M","seriesstate":40,"seriesorder":1823},{"id":727,"name":"Reventon","firstletter":"R","seriesstate":40,"seriesorder":1824}]}]}}