{"returncode":0,"message":"成功","result":{"factoryitems":[{"id":143,"name":"MINI","firstletter":"M","seriesitems":[{"id":209,"name":"MINI","firstletter":"M","seriesstate":20,"seriesorder":2092},{"id":749,"name":"MINI CLUBMAN","firstletter":"M","seriesstate":20,"seriesorder":2093},{"id":750,"name":"MINI COUNTRYMAN","firstletter":"M","seriesstate":20,"seriesorder":2094},{"id":930,"name":"MINI ROADSTER","firstletter":"M","seriesstate":40,"seriesorder":2101},{"id":2241,"name":"MINI PACEMAN","firstletter":"M","seriesstate":40,"seriesorder":2104},{"id":904,"name":"MINI COUPE","firstletter":"M","seriesstate":40,"seriesorder":2105}]},{"id":369,"name":"MINI JCW","firstletter":"M","seriesitems":[{"id":3178,"name":"MINI JCW","firstletter":"M","seriesstate":20,"seriesorder":2106},{"id":3179,"name":"MINI JCW CLUBMAN","firstletter":"M","seriesstate":20,"seriesorder":2107},{"id":3181,"name":"MINI JCW COUNTRYMAN","firstletter":"M","seriesstate":20,"seriesorder":2108},{"id":3182,"name":"MINI JCW PACEMAN","firstletter":"M","seriesstate":40,"seriesorder":2109},{"id":3180,"name":"MINI JCW COUPE","firstletter":"M","seriesstate":40,"seriesorder":2110}]}]}}