{"returncode":0,"message":"成功","result":{"factoryitems":[{"id":176,"name":"长安马自达","firstletter":"C","seriesitems":[{"id":3294,"name":"马自达3 Axela昂克赛拉","firstletter":"M","seriesstate":20,"seriesorder":2111},{"id":2418,"name":"马自达3星骋","firstletter":"M","seriesstate":20,"seriesorder":2112},{"id":2987,"name":"马自达CX-5","firstletter":"M","seriesstate":20,"seriesorder":2113},{"id":433,"name":"马自达2","firstletter":"M","seriesstate":40,"seriesorder":2114},{"id":641,"name":"马自达2劲翔","firstletter":"M","seriesstate":40,"seriesorder":2115},{"id":363,"name":"马自达3","firstletter":"M","seriesstate":40,"seriesorder":2116}]},{"id":11,"name":"一汽马自达","firstletter":"Y","seriesitems":[{"id":3154,"name":"阿特兹","firstletter":"A","seriesstate":20,"seriesorder":2117},{"id":3968,"name":"马自达CX-4","firstletter":"M","seriesstate":20,"seriesorder":2118},{"id":22,"name":"马自达6","firstletter":"M","seriesstate":40,"seriesorder":2119},{"id":655,"name":"睿翼","firstletter":"R","seriesstate":40,"seriesorder":2120},{"id":3066,"name":"马自达CX-7","firstletter":"M","seriesstate":40,"seriesorder":2121},{"id":2118,"name":"马自达8","firstletter":"M","seriesstate":40,"seriesorder":2122}]},{"id":119,"name":"马自达(进口)","firstletter":"M","seriesitems":[{"id":3538,"name":"马自达CX-3","firstletter":"M","seriesstate":20,"seriesorder":2123},{"id":672,"name":"马自达MX-5","firstletter":"M","seriesstate":20,"seriesorder":2124},{"id":584,"name":"马自达3(进口)","firstletter":"M","seriesstate":0,"seriesorder":2128},{"id":3096,"name":"ATENZA","firstletter":"A","seriesstate":0,"seriesorder":2129},{"id":2391,"name":"马自达CX-5(进口)","firstletter":"M","seriesstate":0,"seriesorder":2134},{"id":1005,"name":"马自达CX-9","firstletter":"M","seriesstate":0,"seriesorder":2136},{"id":658,"name":"马自达CX-7(进口)","firstletter":"M","seriesstate":40,"seriesorder":2144},{"id":578,"name":"马自达5","firstletter":"M","seriesstate":40,"seriesorder":2145},{"id":304,"name":"马自达8(进口)","firstletter":"M","seriesstate":40,"seriesorder":2146},{"id":295,"name":"马自达RX-8","firstletter":"M","seriesstate":40,"seriesorder":2149}]}]}}