{"returncode":0,"message":"成功","result":{"factoryitems":[{"id":57,"name":"东风悦达起亚","firstletter":"D","seriesitems":[{"id":4505,"name":"KX CROSS","firstletter":"K","seriesstate":20,"seriesorder":2335},{"id":4387,"name":"焕驰","firstletter":"H","seriesstate":20,"seriesorder":2336},{"id":2319,"name":"起亚K2","firstletter":"Q","seriesstate":20,"seriesorder":2337},{"id":813,"name":"福瑞迪","firstletter":"F","seriesstate":20,"seriesorder":2338},{"id":2886,"name":"起亚K3","firstletter":"Q","seriesstate":20,"seriesorder":2339},{"id":4523,"name":"凯绅","firstletter":"K","seriesstate":20,"seriesorder":2340},{"id":3286,"name":"起亚K4","firstletter":"Q","seriesstate":20,"seriesorder":2341},{"id":2246,"name":"起亚K5","firstletter":"Q","seriesstate":20,"seriesorder":2342},{"id":3664,"name":"起亚KX3","firstletter":"Q","seriesstate":20,"seriesorder":2343},{"id":3954,"name":"起亚KX5","firstletter":"Q","seriesstate":20,"seriesorder":2344},{"id":2137,"name":"智跑","firstletter":"Z","seriesstate":20,"seriesorder":2345},{"id":4200,"name":"起亚KX7","firstletter":"Q","seriesstate":20,"seriesorder":2346},{"id":142,"name":"千里马","firstletter":"Q","seriesstate":40,"seriesorder":2348},{"id":454,"name":"锐欧","firstletter":"R","seriesstate":40,"seriesorder":2349},{"id":876,"name":"秀尔","firstletter":"X","seriesstate":40,"seriesorder":2350},{"id":413,"name":"赛拉图","firstletter":"S","seriesstate":40,"seriesorder":2351},{"id":3385,"name":"起亚K3S","firstletter":"Q","seriesstate":40,"seriesorder":2352},{"id":298,"name":"远舰","firstletter":"Y","seriesstate":40,"seriesorder":2353},{"id":565,"name":"狮跑","firstletter":"S","seriesstate":40,"seriesorder":2354},{"id":284,"name":"嘉华","firstletter":"J","seriesstate":40,"seriesorder":2355}]},{"id":111,"name":"起亚(进口)","firstletter":"Q","seriesitems":[{"id":2681,"name":"起亚K9","firstletter":"Q","seriesstate":20,"seriesorder":2356},{"id":2420,"name":"斯汀格","firstletter":"S","seriesstate":20,"seriesorder":2357},{"id":3198,"name":"极睿","firstletter":"J","seriesstate":20,"seriesorder":2358},{"id":281,"name":"索兰托","firstletter":"S","seriesstate":20,"seriesorder":2359},{"id":591,"name":"霸锐","firstletter":"B","seriesstate":20,"seriesorder":2360},{"id":453,"name":"佳乐","firstletter":"J","seriesstate":20,"seriesorder":2361},{"id":3448,"name":"嘉华(进口)","firstletter":"J","seriesstate":20,"seriesorder":2362},{"id":890,"name":"起亚K5(进口)","firstletter":"Q","seriesstate":0,"seriesorder":2374},{"id":1010,"name":"凯尊","firstletter":"K","seriesstate":0,"seriesorder":2377},{"id":452,"name":"SPORTAGE","firstletter":"S","seriesstate":0,"seriesorder":2381},{"id":275,"name":"欧菲莱斯","firstletter":"O","seriesstate":40,"seriesorder":2387},{"id":502,"name":"起亚VQ","firstletter":"Q","seriesstate":40,"seriesorder":2390},{"id":1016,"name":"速迈","firstletter":"S","seriesstate":40,"seriesorder":2392}]}]}}