{"returncode":0,"message":"成功","result":{"factoryitems":[{"id":12,"name":"北京吉普","firstletter":"B","seriesitems":[{"id":25,"name":"欧蓝德经典","firstletter":"O","seriesstate":40,"seriesorder":2573},{"id":24,"name":"帕杰罗速跑","firstletter":"P","seriesstate":40,"seriesorder":2574}]},{"id":51,"name":"东南汽车","firstletter":"D","seriesitems":[{"id":873,"name":"翼神","firstletter":"Y","seriesstate":20,"seriesorder":2575},{"id":3131,"name":"风迪思","firstletter":"F","seriesstate":40,"seriesorder":2576},{"id":458,"name":"蓝瑟","firstletter":"L","seriesstate":40,"seriesorder":2577},{"id":483,"name":"三菱戈蓝","firstletter":"S","seriesstate":40,"seriesorder":2578},{"id":668,"name":"君阁","firstletter":"J","seriesstate":40,"seriesorder":2579},{"id":128,"name":"菱绅","firstletter":"L","seriesstate":40,"seriesorder":2580}]},{"id":355,"name":"广汽三菱","firstletter":"G","seriesitems":[{"id":2768,"name":"劲炫ASX","firstletter":"J","seriesstate":20,"seriesorder":2581},{"id":4147,"name":"欧蓝德","firstletter":"O","seriesstate":20,"seriesorder":2582},{"id":3008,"name":"帕杰罗·劲畅","firstletter":"P","seriesstate":20,"seriesorder":2583},{"id":377,"name":"帕杰罗","firstletter":"P","seriesstate":40,"seriesorder":2584}]},{"id":128,"name":"三菱(进口)","firstletter":"S","seriesitems":[{"id":580,"name":"帕杰罗(进口)","firstletter":"P","seriesstate":20,"seriesorder":2586},{"id":369,"name":"LANCER","firstletter":"L","seriesstate":0,"seriesorder":2593},{"id":1018,"name":"ASX劲炫(进口)","firstletter":"A","seriesstate":0,"seriesorder":2597},{"id":486,"name":"欧蓝德(进口)","firstletter":"O","seriesstate":0,"seriesorder":2600},{"id":2332,"name":"帕杰罗·劲畅(进口)","firstletter":"P","seriesstate":0,"seriesorder":2604},{"id":325,"name":"格蓝迪","firstletter":"G","seriesstate":40,"seriesorder":2613},{"id":651,"name":"伊柯丽斯","firstletter":"Y","seriesstate":40,"seriesorder":2616}]}]}}