{"returncode":0,"message":"成功","result":{"factoryitems":[{"id":181,"name":"长安沃尔沃","firstletter":"C","seriesitems":[{"id":463,"name":"沃尔沃S40","firstletter":"W","seriesstate":40,"seriesorder":2768},{"id":693,"name":"沃尔沃S80L","firstletter":"W","seriesstate":40,"seriesorder":2769}]},{"id":367,"name":"沃尔沃亚太","firstletter":"W","seriesitems":[{"id":4609,"name":"沃尔沃XC60新能源","firstletter":"W","seriesstate":10,"seriesorder":2770},{"id":3158,"name":"沃尔沃S60L","firstletter":"W","seriesstate":20,"seriesorder":2771},{"id":4335,"name":"沃尔沃S60L新能源","firstletter":"W","seriesstate":20,"seriesorder":2772},{"id":4206,"name":"沃尔沃S90","firstletter":"W","seriesstate":20,"seriesorder":2773},{"id":3411,"name":"沃尔沃XC60","firstletter":"W","seriesstate":20,"seriesorder":2774},{"id":3420,"name":"XC Classic","firstletter":"X","seriesstate":40,"seriesorder":2775}]},{"id":84,"name":"沃尔沃(进口)","firstletter":"W","seriesitems":[{"id":2678,"name":"沃尔沃V40","firstletter":"W","seriesstate":20,"seriesorder":2776},{"id":404,"name":"沃尔沃S60","firstletter":"W","seriesstate":20,"seriesorder":2777},{"id":2190,"name":"沃尔沃V60","firstletter":"W","seriesstate":20,"seriesorder":2778},{"id":4029,"name":"沃尔沃V90","firstletter":"W","seriesstate":20,"seriesorder":2779},{"id":177,"name":"沃尔沃XC90","firstletter":"W","seriesstate":20,"seriesorder":2780},{"id":4337,"name":"沃尔沃XC90新能源","firstletter":"W","seriesstate":20,"seriesorder":2781},{"id":175,"name":"沃尔沃S80","firstletter":"W","seriesstate":0,"seriesorder":2785},{"id":3861,"name":"沃尔沃S90(进口)","firstletter":"W","seriesstate":0,"seriesorder":2786},{"id":585,"name":"沃尔沃XC60(进口)","firstletter":"W","seriesstate":0,"seriesorder":2792},{"id":494,"name":"沃尔沃C30","firstletter":"W","seriesstate":40,"seriesorder":2796},{"id":981,"name":"沃尔沃S40(进口)","firstletter":"W","seriesstate":40,"seriesorder":2797},{"id":406,"name":"沃尔沃C70","firstletter":"W","seriesstate":40,"seriesorder":2799}]}]}}