{"returncode":0,"message":"成功","result":{"factoryitems":[{"id":37,"name":"东风雪铁龙","firstletter":"D","seriesitems":[{"id":2945,"name":"雪铁龙C4L","firstletter":"X","seriesstate":20,"seriesorder":2988},{"id":639,"name":"世嘉","firstletter":"S","seriesstate":20,"seriesorder":2989},{"id":98,"name":"爱丽舍","firstletter":"A","seriesstate":20,"seriesorder":2990},{"id":3873,"name":"C4世嘉","firstletter":"C","seriesstate":20,"seriesorder":2991},{"id":792,"name":"雪铁龙C5","firstletter":"X","seriesstate":20,"seriesorder":2992},{"id":4043,"name":"雪铁龙C6","firstletter":"X","seriesstate":20,"seriesorder":2993},{"id":3429,"name":"雪铁龙C3-XR","firstletter":"X","seriesstate":20,"seriesorder":2994},{"id":4370,"name":"天逸 C5 AIRCROSS","firstletter":"T","seriesstate":20,"seriesorder":2995},{"id":476,"name":"雪铁龙C2","firstletter":"X","seriesstate":40,"seriesorder":2996},{"id":293,"name":"富康","firstletter":"F","seriesstate":40,"seriesorder":2997},{"id":388,"name":"凯旋","firstletter":"K","seriesstate":40,"seriesorder":2998},{"id":230,"name":"赛纳","firstletter":"S","seriesstate":40,"seriesorder":2999},{"id":232,"name":"毕加索","firstletter":"B","seriesstate":40,"seriesorder":3000}]},{"id":82,"name":"雪铁龙(进口)","firstletter":"X","seriesitems":[{"id":2473,"name":"雪铁龙C4 Aircross","firstletter":"X","seriesstate":20,"seriesorder":3001},{"id":473,"name":"C4 PICASSO","firstletter":"C","seriesstate":20,"seriesorder":3002},{"id":329,"name":"雪铁龙C3","firstletter":"X","seriesstate":0,"seriesorder":3007},{"id":480,"name":"雪铁龙C4","firstletter":"X","seriesstate":0,"seriesorder":3009},{"id":212,"name":"雪铁龙C5(进口)","firstletter":"X","seriesstate":0,"seriesorder":3011},{"id":440,"name":"雪铁龙C6(进口)","firstletter":"X","seriesstate":40,"seriesorder":3027}]}]}}