{"returncode":0,"message":"成功","result":{"factoryitems":[{"id":146,"name":"比亚迪","firstletter":"B","seriesitems":[{"id":579,"name":"比亚迪F0","firstletter":"B","seriesstate":20,"seriesorder":501},{"id":4073,"name":"比亚迪e5","firstletter":"B","seriesstate":20,"seriesorder":502},{"id":407,"name":"比亚迪F3","firstletter":"B","seriesstate":20,"seriesorder":503},{"id":3283,"name":"比亚迪G5","firstletter":"B","seriesstate":20,"seriesorder":504},{"id":2761,"name":"秦","firstletter":"Q","seriesstate":20,"seriesorder":505},{"id":2806,"name":"速锐","firstletter":"S","seriesstate":20,"seriesorder":506},{"id":3781,"name":"元","firstletter":"Y","seriesstate":20,"seriesorder":507},{"id":4353,"name":"元新能源","firstletter":"Y","seriesstate":20,"seriesorder":508},{"id":3780,"name":"宋","firstletter":"S","seriesstate":20,"seriesorder":509},{"id":4394,"name":"宋新能源","firstletter":"S","seriesstate":20,"seriesorder":510},{"id":3059,"name":"比亚迪S7","firstletter":"B","seriesstate":20,"seriesorder":511},{"id":3430,"name":"唐","firstletter":"T","seriesstate":20,"seriesorder":512},{"id":831,"name":"比亚迪e6","firstletter":"B","seriesstate":20,"seriesorder":513},{"id":798,"name":"比亚迪M6","firstletter":"B","seriesstate":20,"seriesorder":514},{"id":4279,"name":"宋MAX","firstletter":"S","seriesstate":20,"seriesorder":515},{"id":2088,"name":"比亚迪S6","firstletter":"B","seriesstate":30,"seriesorder":516},{"id":417,"name":"福莱尔","firstletter":"F","seriesstate":40,"seriesorder":521},{"id":940,"name":"比亚迪F3R","firstletter":"B","seriesstate":40,"seriesorder":522},{"id":4333,"name":"比亚迪F3新能源","firstletter":"B","seriesstate":40,"seriesorder":523},{"id":927,"name":"比亚迪G3","firstletter":"B","seriesstate":40,"seriesorder":524},{"id":997,"name":"比亚迪G3R","firstletter":"B","seriesstate":40,"seriesorder":525},{"id":2085,"name":"比亚迪L3","firstletter":"B","seriesstate":40,"seriesorder":526},{"id":540,"name":"比亚迪F6","firstletter":"B","seriesstate":40,"seriesorder":527},{"id":2091,"name":"比亚迪G6","firstletter":"B","seriesstate":40,"seriesorder":528},{"id":2944,"name":"思锐","firstletter":"S","seriesstate":40,"seriesorder":529},{"id":489,"name":"比亚迪S8","firstletter":"B","seriesstate":40,"seriesorder":530}]}]}}