{"returncode":0,"message":"成功","result":{"factoryitems":[{"id":160,"name":"长安汽车","firstletter":"C","seriesitems":[{"id":3811,"name":"睿骋CC","firstletter":"R","seriesstate":10,"seriesorder":646},{"id":3217,"name":"奔奔","firstletter":"B","seriesstate":20,"seriesorder":647},{"id":4380,"name":"奔奔EV","firstletter":"B","seriesstate":20,"seriesorder":648},{"id":2119,"name":"长安CX20","firstletter":"C","seriesstate":20,"seriesorder":649},{"id":2788,"name":"悦翔V5","firstletter":"Y","seriesstate":20,"seriesorder":650},{"id":2567,"name":"悦翔V3","firstletter":"Y","seriesstate":20,"seriesorder":651},{"id":2429,"name":"逸动","firstletter":"Y","seriesstate":20,"seriesorder":652},{"id":4343,"name":"逸动新能源","firstletter":"Y","seriesstate":20,"seriesorder":653},{"id":3422,"name":"悦翔V7","firstletter":"Y","seriesstate":20,"seriesorder":654},{"id":2785,"name":"睿骋","firstletter":"R","seriesstate":20,"seriesorder":655},{"id":3924,"name":"长安CS15","firstletter":"C","seriesstate":20,"seriesorder":656},{"id":4445,"name":"长安CS15EV","firstletter":"C","seriesstate":20,"seriesorder":657},{"id":2778,"name":"长安CS35","firstletter":"C","seriesstate":20,"seriesorder":658},{"id":4269,"name":"长安CS55","firstletter":"C","seriesstate":20,"seriesorder":659},{"id":3204,"name":"长安CS75","firstletter":"C","seriesstate":20,"seriesorder":660},{"id":3121,"name":"长安CS95","firstletter":"C","seriesstate":20,"seriesorder":661},{"id":4242,"name":"凌轩","firstletter":"L","seriesstate":20,"seriesorder":662},{"id":484,"name":"奔奔i","firstletter":"B","seriesstate":40,"seriesorder":669},{"id":2046,"name":"奔奔LOVE","firstletter":"B","seriesstate":40,"seriesorder":670},{"id":2045,"name":"奔奔MINI","firstletter":"B","seriesstate":40,"seriesorder":671},{"id":705,"name":"悦翔","firstletter":"Y","seriesstate":40,"seriesorder":672},{"id":1008,"name":"长安CX30","firstletter":"C","seriesstate":40,"seriesorder":673},{"id":590,"name":"志翔","firstletter":"Z","seriesstate":40,"seriesorder":675},{"id":520,"name":"杰勋","firstletter":"J","seriesstate":40,"seriesorder":676}]}]}}