{"returncode":0,"message":"成功","result":{"factoryitems":[{"id":4,"name":"长城汽车","firstletter":"C","seriesitems":[{"id":2090,"name":"长城C30","firstletter":"C","seriesstate":20,"seriesorder":708},{"id":4341,"name":"长城C30新能源","firstletter":"C","seriesstate":20,"seriesorder":709},{"id":2462,"name":"风骏5","firstletter":"F","seriesstate":20,"seriesorder":710},{"id":3101,"name":"风骏6","firstletter":"F","seriesstate":20,"seriesorder":711},{"id":2459,"name":"风骏3","firstletter":"F","seriesstate":0,"seriesorder":714},{"id":491,"name":"长城精灵","firstletter":"C","seriesstate":40,"seriesorder":715},{"id":2122,"name":"长城C20R","firstletter":"C","seriesstate":40,"seriesorder":716},{"id":2001,"name":"长城M2","firstletter":"C","seriesstate":40,"seriesorder":717},{"id":493,"name":"酷熊","firstletter":"K","seriesstate":40,"seriesorder":718},{"id":624,"name":"凌傲","firstletter":"L","seriesstate":40,"seriesorder":719},{"id":492,"name":"炫丽","firstletter":"X","seriesstate":40,"seriesorder":720},{"id":2120,"name":"长城C50","firstletter":"C","seriesstate":40,"seriesorder":721},{"id":535,"name":"长城M1","firstletter":"C","seriesstate":40,"seriesorder":722},{"id":2304,"name":"长城M4","firstletter":"C","seriesstate":40,"seriesorder":723},{"id":6,"name":"赛弗","firstletter":"S","seriesstate":40,"seriesorder":724},{"id":552,"name":"赛影","firstletter":"S","seriesstate":40,"seriesorder":726},{"id":2200,"name":"长城V80","firstletter":"C","seriesstate":40,"seriesorder":727},{"id":536,"name":"嘉誉","firstletter":"J","seriesstate":40,"seriesorder":728},{"id":2653,"name":"金迪尔","firstletter":"J","seriesstate":40,"seriesorder":729}]}]}}