{"returncode":0,"message":"成功","result":{"factoryitems":[{"id":51,"name":"东南汽车","firstletter":"D","seriesitems":[{"id":606,"name":"V3菱悦","firstletter":"V","seriesstate":20,"seriesorder":970},{"id":2769,"name":"V5菱致","firstletter":"V","seriesstate":20,"seriesorder":971},{"id":2776,"name":"V6菱仕","firstletter":"V","seriesstate":20,"seriesorder":972},{"id":4086,"name":"东南DX3","firstletter":"D","seriesstate":20,"seriesorder":973},{"id":3634,"name":"东南DX7","firstletter":"D","seriesstate":20,"seriesorder":974},{"id":126,"name":"菱帅","firstletter":"L","seriesstate":40,"seriesorder":981},{"id":2477,"name":"希旺","firstletter":"X","seriesstate":40,"seriesorder":982},{"id":2530,"name":"得利卡","firstletter":"D","seriesstate":40,"seriesorder":983}]}]}}