{"returncode":0,"message":"成功","result":{"factoryitems":[{"id":186,"name":"广汽乘用车","firstletter":"G","seriesitems":[{"id":4174,"name":"传祺GM8","firstletter":"C","seriesstate":10,"seriesorder":1287},{"id":4255,"name":"传祺GA3S新能源","firstletter":"C","seriesstate":20,"seriesorder":1288},{"id":3069,"name":"传祺GA3","firstletter":"C","seriesstate":20,"seriesorder":1289},{"id":3524,"name":"传祺GA3S视界","firstletter":"C","seriesstate":20,"seriesorder":1290},{"id":4340,"name":"传祺GA5新能源","firstletter":"C","seriesstate":20,"seriesorder":1291},{"id":3349,"name":"传祺GA6","firstletter":"C","seriesstate":20,"seriesorder":1292},{"id":3782,"name":"传祺GA8","firstletter":"C","seriesstate":20,"seriesorder":1293},{"id":4291,"name":"传祺GE3","firstletter":"C","seriesstate":20,"seriesorder":1294},{"id":3495,"name":"传祺GS3","firstletter":"C","seriesstate":20,"seriesorder":1295},{"id":3691,"name":"传祺GS4","firstletter":"C","seriesstate":20,"seriesorder":1296},{"id":4256,"name":"传祺GS4新能源","firstletter":"C","seriesstate":20,"seriesorder":1297},{"id":3574,"name":"传祺GS5 Super","firstletter":"C","seriesstate":20,"seriesorder":1298},{"id":4230,"name":"传祺GS7","firstletter":"C","seriesstate":20,"seriesorder":1299},{"id":4094,"name":"传祺GS8","firstletter":"C","seriesstate":20,"seriesorder":1300},{"id":2141,"name":"传祺GA5","firstletter":"C","seriesstate":40,"seriesorder":1313},{"id":2560,"name":"传祺GS5","firstletter":"C","seriesstate":40,"seriesorder":1315}]}]}}