{"returncode":0,"message":"成功","result":{"factoryitems":[{"id":117,"name":"华泰汽车","firstletter":"H","seriesitems":[{"id":3896,"name":"圣达菲","firstletter":"S","seriesstate":20,"seriesorder":1454},{"id":4518,"name":"圣达菲5","firstletter":"S","seriesstate":20,"seriesorder":1455},{"id":4483,"name":"圣达菲7","firstletter":"S","seriesstate":20,"seriesorder":1456},{"id":2133,"name":"路盛E70","firstletter":"L","seriesstate":30,"seriesorder":1457},{"id":3803,"name":"路盛E80","firstletter":"L","seriesstate":30,"seriesorder":1458},{"id":2144,"name":"宝利格","firstletter":"B","seriesstate":30,"seriesorder":1459},{"id":477,"name":"圣达菲经典","firstletter":"S","seriesstate":30,"seriesorder":1460},{"id":2108,"name":"华泰B11","firstletter":"H","seriesstate":40,"seriesorder":1462},{"id":290,"name":"特拉卡","firstletter":"T","seriesstate":40,"seriesorder":1463}]}]}}