{"returncode":0,"message":"成功","result":{"factoryitems":[{"id":191,"name":"曙光汽车","firstletter":"S","seriesitems":[{"id":2160,"name":"旗胜V3","firstletter":"Q","seriesstate":20,"seriesorder":1469},{"id":4162,"name":"瑞途","firstletter":"R","seriesstate":20,"seriesorder":1470},{"id":2517,"name":"傲骏","firstletter":"A","seriesstate":20,"seriesorder":1471},{"id":2515,"name":"大柴神","firstletter":"D","seriesstate":20,"seriesorder":1472},{"id":3455,"name":"黄海N1","firstletter":"H","seriesstate":20,"seriesorder":1473},{"id":3846,"name":"黄海N2","firstletter":"H","seriesstate":20,"seriesorder":1474},{"id":4436,"name":"黄海N3","firstletter":"H","seriesstate":20,"seriesorder":1475},{"id":2516,"name":"小柴神","firstletter":"X","seriesstate":20,"seriesorder":1476},{"id":2212,"name":"翱龙CUV","firstletter":"A","seriesstate":40,"seriesorder":1477},{"id":673,"name":"旗胜F1","firstletter":"Q","seriesstate":40,"seriesorder":1478},{"id":2211,"name":"挑战者SUV","firstletter":"T","seriesstate":40,"seriesorder":1479}]}]}}